category	subcategory	ID	Description	GeneRatio	BgRatio	pvalue	p.adjust	qvalue	geneID	Count
Environmental Information Processing	Signaling molecules and interaction	hsa04060	Cytokine-cytokine receptor interaction	98/1346	298/9378	1.46413591541513e-16	5.13911706310712e-14	3.76051750906624e-14	3600/6359/6358/1236/6368/3601/9466/6363/6362/8771/10563/27302/1437/958/7048/10148/7133/3586/3575/920/91/133396/9235/768211/7850/8744/943/3604/643/5008/6346/3559/26525/6352/7124/6351/27189/3556/23529/9547/57007/4982/84818/3593/970/3557/654/8794/6355/6372/6361/3595/8808/3574/3458/246778/6348/1439/9560/388372/1436/130399/1234/6347/4049/94/1235/729230/3624/60401/1524/3576/3606/51561/7292/23495/8807/3976/4804/356/6357/2920/6367/27177/3952/6349/414062/2921/10220/29949/3560/56300/10663/8809/1435/3627/3552/2919	98
Environmental Information Processing	Signaling molecules and interaction	hsa04061	Viral protein interaction with cytokine and cytokine receptor	46/1346	100/9378	2.26722714759377e-14	3.97898364402707e-12	2.91159696848884e-12	6359/6358/1236/6368/6363/6362/10563/7133/3586/643/6346/3559/6352/7124/6351/9547/57007/8794/6355/6372/6361/6348/9560/388372/1436/1234/6347/4049/1235/729230/1524/3576/3606/8807/6357/2920/6367/6349/414062/2921/29949/3560/8809/1435/3627/2919	46
Organismal Systems	Immune system	hsa04640	Hematopoietic cell lineage	41/1346	100/9378	5.62285973582684e-11	6.5787458909174e-09	4.81395710716403e-09	3678/952/3108/1437/3115/3113/3575/920/3109/960/7850/3123/912/3122/3559/3119/7124/913/3684/1604/3574/3127/930/948/928/1436/3655/3673/3111/3112/1378/3675/3690/924/3120/4311/3676/3672/1380/1435/3552	41
Human Diseases	Immune disease	hsa05323	Rheumatoid arthritis	39/1346	95/9378	1.58220494056238e-10	1.38838483534349e-08	1.01594211972953e-08	3600/941/1514/3383/3108/1437/3115/3113/7422/3109/3689/54/942/3123/3122/1513/3119/6352/7124/7097/6372/3458/3127/6348/155066/6347/3111/3112/3576/3606/51561/3120/2920/6349/414062/2921/1435/3552/2919	39
Human Diseases	Infectious disease: parasitic	hsa05145	Toxoplasmosis	41/1346	112/9378	3.3415723026575e-09	2.34578375646557e-07	1.71651293020722e-07	8651/3909/5970/3918/4792/3108/3115/836/3113/958/3586/4261/3949/3109/10105/4790/3914/5600/10454/3123/5606/3122/10000/3119/7124/596/7097/3912/330/3593/3458/3127/1234/3655/3310/3111/3112/3120/79444/2770/3911	41
Human Diseases	Immune disease	hsa05330	Allograft rejection	21/1346	39/9378	7.9337438029466e-09	4.64124012472376e-07	3.39619910161223e-07	941/3108/3115/3113/958/3586/3109/942/3123/3122/3119/7124/3593/3458/3127/3002/5551/3111/3112/3120/356	21
Human Diseases	Endocrine and metabolic disease	hsa04940	Type I diabetes mellitus	22/1346	44/9378	2.1147119481633e-08	1.06037699115046e-06	7.75924383987738e-07	941/3108/3115/3113/3109/942/3123/3122/3119/7124/3593/3458/3127/4049/3002/5551/3111/3112/3120/356/5799/3552	22
Human Diseases	Immune disease	hsa05321	Inflammatory bowel disease	28/1346	66/9378	2.58838136990138e-08	1.13565232604423e-06	8.31006650336757e-07	5970/3108/3115/3113/6775/3586/3109/4790/3123/3122/3119/7124/7097/3593/7100/3595/3458/3127/3111/3112/3606/51561/3120/8807/4094/30009/8809/3552	28
Environmental Information Processing	Signal transduction	hsa04064	NF-kappa B signaling pathway	37/1346	105/9378	6.21848578992e-08	2.4252094580688e-06	1.77463220203565e-06	5970/6363/4792/4616/10912/3383/7706/79092/8837/4791/1647/597/7128/958/5971/4790/4067/10454/7185/7124/6351/596/7188/330/23586/9560/388372/27040/4049/29760/60401/3576/6357/2920/84433/2921/2919	37
Organismal Systems	Immune system	hsa04658	Th1 and Th2 cell differentiation	34/1346	93/9378	7.5650416746929e-08	2.65532962781721e-06	1.94302123013165e-06	5970/5533/182/4792/3718/4775/3108/3115/3113/6775/54567/920/3109/4790/5600/3123/3122/3559/3119/4854/3593/3595/3458/3127/27040/55534/3111/3112/3120/4094/30009/28514/4773/3560	34
Organismal Systems	Immune system	hsa04610	Complement and coagulation cascades	32/1346	88/9378	2.10223677496212e-07	6.70804643647005e-06	4.90857199129912e-06	629/1191/5265/5327/3689/727/10544/716/2151/5270/715/5329/7450/2153/5345/1675/2162/2/5624/3684/7448/1604/714/712/1378/3075/7056/717/5054/11326/1380/7035	32
Environmental Information Processing	Signal transduction	hsa04668	TNF signaling pathway	39/1346	119/9378	2.52684482479668e-07	7.3910211125303e-06	5.40833453728413e-06	3600/1326/5970/182/4792/4217/3383/8837/9021/192111/1437/197259/7128/836/7133/4323/4790/5600/10454/5606/7185/10000/6352/7124/1906/7188/330/64285/6372/3659/6347/4049/3976/2920/2921/8809/1435/3627/2919	39
Human Diseases	Immune disease	hsa05310	Asthma	17/1346	32/9378	2.8039943247035e-07	7.57078467669945e-06	5.53987542694457e-06	3108/3115/3113/958/3586/3109/2207/5553/3123/3122/3119/7124/3127/3111/3112/3120/2206	17
Organismal Systems	Immune system	hsa04062	Chemokine signaling pathway	54/1346	193/9378	5.15514359005509e-07	1.29246814293524e-05	9.45755666145446e-06	7410/6359/6358/1236/6368/5970/5332/6363/6362/2309/4792/3718/2790/10563/3055/5330/4790/4067/5058/10000/643/6346/6352/112/6351/9547/23236/94235/2793/6355/6372/6361/54331/6348/9560/388372/1234/6347/1235/729230/1524/3576/6357/2920/2770/6367/3702/6349/414062/2921/55970/10663/3627/2919	54
Environmental Information Processing	Signaling molecules and interaction	hsa04514	Cell adhesion molecule (CAM) interaction	47/1346	160/9378	6.13444609115296e-07	1.43546038532979e-05	1.05038936578338e-05	941/3685/3383/3108/29126/5819/3115/3113/958/9672/6385/920/3109/1462/3689/5817/942/5792/3123/3122/120425/3119/999/64115/3680/6693/5175/3696/10666/4897/80380/3684/9379/3127/25945/3655/84628/3111/29851/3112/3120/3676/1366/90952/139065/5133/6402	47
Human Diseases	Immune disease	hsa05332	Graft-versus-host disease	20/1346	45/9378	1.04457625087506e-06	2.29153915035717e-05	1.67681977114155e-05	941/3108/3115/3113/3109/942/3123/3122/3119/7124/3458/3127/3002/5551/3111/3112/3120/356/3821/3552	20
Human Diseases	Infectious disease: parasitic	hsa05140	Leishmaniasis	28/1346	78/9378	1.61811526024416e-06	3.34093209615117e-05	2.44470664705619e-05	5970/4792/2002/3108/3115/3113/3586/3109/3689/4790/5600/10454/3123/3122/3119/7124/7097/3593/3684/3458/3127/2212/3111/3112/1378/3120/3676/3552	28
Human Diseases	Infectious disease: viral	hsa05164	Influenza A	48/1346	173/9378	2.8455704968308e-06	5.54886246882006e-05	4.06034620600418e-05	5970/4792/834/29110/3383/7706/3108/9021/3115/836/3113/55916/4261/2224/3109/1021/4790/3665/3123/3122/5371/10000/3119/6352/7124/3593/91543/64135/29108/5610/23586/3458/3127/51284/6347/4599/3111/4600/3112/3576/3606/3120/356/291/114548/56000/3627/3552	48
Organismal Systems	Immune system	hsa04659	Th17 cell differentiation	34/1346	109/9378	5.11698701928835e-06	9.45296023036952e-05	6.91714588756984e-05	3091/5970/5533/9466/4792/3718/4775/3108/3115/3113/7048/10148/920/3109/4790/5600/3662/3123/3122/861/3559/3119/3556/3458/246778/3127/27040/3111/3112/51561/3120/30009/4773/3560	34
Cellular Processes	Transport and catabolism	hsa04148	Efferocytosis	44/1346	157/9378	5.50799481398559e-06	9.66653089854471e-05	7.07342491901307e-05	3091/834/3685/4775/24145/1847/29933/5734/9261/55113/836/89790/3586/338382/815/1849/5600/8578/6566/1846/8877/5175/23166/7301/575/80824/1844/948/714/3988/6446/246/9023/712/5031/1524/5468/3690/3693/338440/1850/384/4773/7057	44
Organismal Systems	Immune system	hsa04672	Intestinal immune network for IgA production	20/1346	50/9378	7.57479037330717e-06	0.000120828864501972	8.84157832912916e-05	3600/941/3601/3108/3115/3113/958/3586/3109/942/3123/3122/3119/3127/3111/29851/3112/3120/3676/23495	20
NA	NA	hsa04518	Integrin signaling	43/1346	154/9378	7.77879338280896e-06	0.000120828864501972	8.84157832912916e-05	3909/22801/3918/3678/3685/3383/29780/8440/83660/5156/7422/64098/3689/3914/5154/10000/999/3680/56034/1291/3912/3696/7450/10979/7414/3684/3082/7448/3655/3673/1277/3675/3690/5159/1293/3676/3693/894/3672/4233/2200/3911/7057	43
Cellular Processes	Cell growth and death	hsa04115	p53 signaling pathway	26/1346	75/9378	7.91756092178164e-06	0.000120828864501972	8.84157832912916e-05	4616/10912/84883/1647/836/1017/143686/11200/1021/5366/25946/83667/7157/3732/596/1029/64065/9133/575/9134/3486/894/5054/6241/983/7057	26
Human Diseases	Infectious disease: viral	hsa05169	Epstein-Barr virus infection	53/1346	205/9378	8.66735335586661e-06	0.000126760042829549	9.27558867908532e-05	5970/4792/4616/29110/3718/10912/3383/3108/4791/8819/1647/7128/3115/836/3113/958/1017/5971/3109/1021/960/4790/4067/3665/5600/10454/3123/7157/5606/3122/10000/3119/7124/6890/596/4734/7188/7097/5610/23586/3127/930/3280/3111/29760/3112/9636/9134/3120/894/8900/1380/3627	53
Human Diseases	Infectious disease: viral	hsa05168	Herpes simplex virus 1 infection	48/1346	180/9378	9.35147882770051e-06	0.000131294762740915	9.60741403772179e-05	5970/3678/4792/29110/3108/9021/64170/5819/3115/836/3113/3109/972/115004/8891/4790/3665/10454/727/3123/7157/3122/5371/10000/29992/3119/6352/7124/6890/596/7188/7097/330/3593/1978/64135/5610/23586/3458/3127/6347/4049/3111/3112/3690/3120/356/56000	48
Environmental Information Processing	Signaling molecules and interaction	hsa04512	ECM-receptor interaction	29/1346	89/9378	9.73597483640297e-06	0.00013143566029144	9.61772412988795e-05	3909/22801/3918/3678/3685/6385/960/3914/375790/3680/1291/3912/3696/7450/7448/948/3339/3655/3673/1277/9900/3675/3690/1293/3676/3693/3672/3911/7057	29
Human Diseases	Infectious disease: parasitic	hsa05146	Amoebiasis	32/1346	103/9378	1.05644152824797e-05	0.000137337398672236	0.000100495802297273	3909/5970/3918/5332/1437/836/3586/338382/2769/5272/3689/5330/4790/3914/7850/912/7124/7097/23236/913/3912/3593/7414/3684/3458/1277/3576/2920/384/2921/3911/2919	32
Human Diseases	Infectious disease: bacterial	hsa05152	Tuberculosis	48/1346	181/9378	1.09934912303122e-05	0.000137811265065699	0.000100842551135194	5970/5533/8767/3108/64170/3115/836/3113/7096/805/3586/4261/3109/815/972/3689/2207/4790/5600/64581/3123/1263/3122/1594/10000/3656/3119/7124/596/7097/22925/8877/4046/3593/3684/9902/3458/3127/2212/26253/3111/3112/3606/1378/51561/3120/10332/3552	48
Human Diseases	Infectious disease: bacterial	hsa05133	Pertussis	26/1346	78/9378	1.7662064812795e-05	0.000213771887906588	0.000156426272752159	5970/3678/834/836/805/3586/3689/4790/5600/727/716/715/7124/3593/29108/6372/3684/3659/714/712/3576/51561/717/2770/114548/3552	26
Organismal Systems	Immune system	hsa04621	NOD-like receptor signaling pathway	48/1346	187/9378	2.78676613151676e-05	0.000326051637387461	0.000238586293364944	837/5970/5332/8767/84557/838/25828/4792/834/29110/114769/24145/64170/7128/10010/4210/118429/5330/4790/3665/7295/5600/10454/10135/2633/2634/6352/7124/596/7188/2635/9447/23236/7226/330/29108/6347/115361/115362/3576/3606/388646/84168/2920/3710/2921/114548/2919	48
Human Diseases	Infectious disease: viral	hsa05166	Human T-cell leukemia virus 1 infection	55/1346	224/9378	2.94579164439481e-05	0.000333539634575025	0.000244065589552575	3600/5970/5533/3601/4792/3718/3383/4775/2002/3108/4791/2114/1437/83660/200186/3115/3113/958/7048/1017/1030/5971/55697/2224/920/3109/3689/11200/4790/7850/3123/7157/3122/10000/3559/3119/7124/8061/112/1029/9133/4316/3127/7538/2113/4049/3111/3112/9134/3120/894/8900/291/4773/3560	55
Human Diseases	Cardiovascular disease	hsa05418	Fluid shear stress and atherosclerosis	39/1346	142/9378	3.06970800005478e-05	0.000336708596256008	0.000246384457899133	5970/1514/25828/3685/4217/3383/7422/805/5327/6385/4258/445/4790/7295/5600/7850/5154/7157/119391/4257/10000/7124/1906/596/1728/1843/2948/5175/2946/3458/6347/2817/2944/3690/7056/2949/59341/4313/3552	39
Organismal Systems	Immune system	hsa04625	C-type lectin receptor signaling pathway	31/1346	105/9378	4.40375541614332e-05	0.000468399439717062	0.000342748427923116	5970/5533/4792/834/4775/4791/9261/64170/805/3586/5971/2207/4790/5058/5600/64581/1263/10000/7124/4046/3593/29108/6361/3659/26253/51561/3710/6367/4773/10332/114548	31
Human Diseases	Cancer: overview	hsa05202	Transcriptional misregulation in cancer	50/1346	201/9378	4.66987959300604e-05	0.000482096393277977	0.00035277108999798	5970/860/4616/604/10912/1050/4286/1437/1647/7709/597/958/7048/8013/5327/4790/3087/942/7850/64332/5154/7157/3398/5371/7185/861/2313/5090/171558/8464/330/2119/51513/3684/1436/9915/1053/3002/3576/4353/5468/3486/4804/26471/894/4094/8900/6935/4233/3560	50
NA	NA	hsa04517	IgSF CAM signaling	68/1346	299/9378	5.14001717448236e-05	0.000515470293783802	0.000377192237766525	7410/941/9693/3678/3383/10458/8828/8440/3937/6504/4629/5819/4628/5962/3689/5817/962/4067/5058/942/5600/3635/5792/57823/9423/10000/3786/120425/8633/999/4638/3556/8832/347733/7280/5361/9788/9046/4301/10381/7414/10666/4897/3684/9414/25945/92154/6091/288/57731/6334/78999/10580/5376/3690/91584/3676/51678/7082/10332/4356/90952/139065/4063/287/2036/10225/8497	68
Human Diseases	Infectious disease: bacterial	hsa05134	Legionellosis	20/1346	56/9378	5.34660210769204e-05	0.000521293705499974	0.000381453483706684	5970/4792/834/4791/836/3689/4790/7124/7097/3593/7100/29108/3684/3310/3576/3606/1378/2920/2921/2919	20
Human Diseases	Cancer: specific types	hsa05222	Small cell lung cancer	28/1346	93/9378	6.93632058008647e-05	0.000658013114489284	0.000481497075829616	3909/5970/3918/4792/4616/3685/10912/1647/7709/836/1017/1030/1021/4790/3914/7157/7185/10000/596/7188/3912/330/3655/3673/3675/9134/79444/3911	28
Human Diseases	Immune disease	hsa05320	Autoimmune thyroid disease	19/1346	54/9378	0.000103160213829303	0.000952874606686456	0.000697260171034624	941/3108/3115/3113/958/3586/3109/942/3123/3122/3119/7038/3127/3002/5551/3111/3112/3120/356	19
Cellular Processes	Transport and catabolism	hsa04145	Phagosome	40/1346	155/9378	0.000111628625592505	0.00100465763033255	0.000735152082174662	1514/3678/3685/3108/3115/3113/338382/3109/3689/64581/3123/55176/3122/715/3119/6890/7097/22925/347733/7280/949/10381/3684/9902/3127/155066/948/2212/2204/3673/3111/3112/4353/3690/3120/3693/4481/10332/81035/7057	40
Organismal Systems	Development and regeneration	hsa04380	Osteoclast differentiation	37/1346	142/9378	0.000161078159593238	0.00141346085043066	0.00103429134054605	8651/5970/5533/4792/9021/4286/4791/3937/23547/7048/2355/5971/54/4790/5600/10454/353514/10000/10859/1513/11024/7124/8061/4982/10288/79168/54209/3458/1436/2212/29760/5468/3690/3710/4773/1435/3552	37
Metabolism	Lipid metabolism	hsa00100	Steroid biosynthesis	10/1346	20/9378	0.000167481132494344	0.00143380189037841	0.00104917577223671	4047/6307/6713/6309/2222/1595/6646/1717/1594/3988	10
Environmental Information Processing	Signal transduction	hsa04151	PI3K-Akt signaling pathway	77/1346	362/9378	0.000177427806752426	0.00148278952785956	0.00108502217663138	3909/22801/5970/3918/4170/3678/2309/3685/3718/23239/2790/118788/23566/200186/5156/29941/7422/1017/54541/3575/1021/4790/3914/92579/5154/5106/7039/7157/10000/5008/3559/596/3680/7097/56034/1291/3912/3696/94235/7450/1978/2793/54331/3082/7448/10161/3574/3667/930/1436/1969/3655/6446/3673/1277/2069/3675/9134/3690/1944/5159/1293/3676/3693/4804/356/894/3672/374/3164/4233/55970/3911/7057/3560/1435/2846	77
Human Diseases	Cardiovascular disease	hsa05416	Viral myocarditis	22/1346	70/9378	0.000204351161929463	0.00166807576365678	0.00122060424751014	941/3383/3108/3115/836/3113/958/3109/3689/942/27/3123/3122/3119/1756/1604/3127/5551/6641/3111/3112/3120	22
Human Diseases	Infectious disease: bacterial	hsa05150	Staphylococcus aureus infection	28/1346	99/9378	0.000228134265171514	0.00181988925170912	0.00133169283975716	629/3383/3108/3115/3113/3586/2358/3109/3689/727/3123/716/3122/715/3119/1675/3684/3127/2212/2359/714/2204/3111/712/3112/3075/3120/717	28
Organismal Systems	Immune system	hsa04662	B cell receptor signaling pathway	26/1346	91/9378	0.000316319241938316	0.00242518795002184	0.0017746164636537	7410/5970/5533/4792/4775/118788/23547/4790/4067/3635/27071/353514/10000/10859/11024/10288/8519/79168/930/971/55024/29760/4773/1380/84433/973	26
Cellular Processes	Cell growth and death	hsa04218	Cellular senescence	39/1346	157/9378	0.000317830899433061	0.00242518795002184	0.0017746164636537	5970/5533/4683/2309/4616/10912/4775/9261/1647/10758/7048/805/1017/1030/678/11200/1021/4790/5600/7157/5606/10000/1029/9133/1978/28996/2113/3576/9134/3486/894/5054/3710/8900/291/59341/4773/983/3552	39
Environmental Information Processing	Signal transduction	hsa04010	MAPK signaling pathway	65/1346	300/9378	0.000327004206823977	0.00244209524670672	0.00178698827469318	1326/5970/5533/9693/4216/4616/784/4217/10912/4775/51776/1847/2002/4791/10125/9261/1647/836/5156/7422/7048/5971/6196/5922/1849/4790/5058/5600/10454/5154/7039/7157/9175/5606/10000/23542/7124/3556/1846/56034/1843/773/80824/1844/3082/4293/1436/1969/55799/777/3310/5923/2069/1944/5159/5924/4804/356/374/1850/3164/4233/55970/1435/3552	65
Metabolism	Amino acid metabolism	hsa00260	Glycine, serine and threonine metabolism	15/1346	41/9378	0.000334982424435003	0.00244955897868096	0.00179244981495923	669/4128/2628/1757/102724560/314/875/501/26227/6470/8639/10993/55349/23464/4129	15
Human Diseases	Infectious disease: parasitic	hsa05144	Malaria	17/1346	50/9378	0.000377283007145616	0.00270257827567574	0.00197759513949582	3383/2995/958/3586/3689/7124/7097/5175/3082/3458/948/6347/3576/3606/1378/4233/7057	17
Human Diseases	Infectious disease: parasitic	hsa05142	Chagas disease	28/1346	103/9378	0.000466151280516408	0.00327238198922519	0.00239454552517902	5970/5332/4792/8837/1636/7048/3586/2769/5330/4790/5600/10000/6352/7124/7097/23236/3593/3458/6348/6347/714/712/3576/356/5054/2770/6349/414062	28
Organismal Systems	Immune system	hsa04620	Toll-like receptor signaling pathway	29/1346	109/9378	0.00054861647673482	0.00377577222223376	0.00276289825228681	941/1326/5970/4792/29110/958/7096/4790/3665/942/5600/10454/5606/10000/1513/6352/7124/6351/7097/3593/7100/6348/9560/388372/51284/3576/6349/414062/3627	29
Metabolism	Metabolism of terpenoids and polyketides	hsa00900	Terpenoid backbone biosynthesis	10/1346	23/9378	0.000688086405733938	0.00464458323870408	0.00339864540483969	23590/3157/3422/2342/100529261/3156/2224/4597/4598/51449	10
NA	NA	hsa04820	Cytoskeleton in muscle cells	51/1346	233/9378	0.00109045800176098	0.00722171242675666	0.00528444394100652	4001/22801/171024/114793/3678/3685/83660/4629/4628/1466/9672/6385/272/1462/375790/91010/7111/7139/271/3680/1291/3696/7136/1756/7414/4608/482/50509/3339/288/57731/3655/481/22795/3673/6641/23224/1277/3675/3690/165904/1293/480/3676/3693/1832/3672/2200/287/7057/7273	51
Human Diseases	Infectious disease: parasitic	hsa05143	African trypanosomiasis	13/1346	37/9378	0.00128009946134597	0.00825517828719588	0.00604067626953305	3620/169355/5332/3383/3586/5330/7124/23236/3593/8542/3458/3606/356	13
Organismal Systems	Immune system	hsa04657	IL-17 signaling pathway	25/1346	94/9378	0.00129354645525861	0.00825517828719588	0.00604067626953305	5970/4792/29110/1437/10758/7128/836/4790/5600/7124/8061/27189/7188/84818/6372/6361/3458/6280/6347/3576/2920/2921/3934/3627/2919	25
Metabolism	Lipid metabolism	hsa00561	Glycerolipid metabolism	19/1346	65/9378	0.00145102653165034	0.00909482701087981	0.00665508409253163	137964/55750/26007/154141/2710/56895/2713/55326/224/8611/129642/57678/231/501/84649/150763/9388/84803/219	19
Cellular Processes	Cell growth and death	hsa04216	Ferroptosis	14/1346	42/9378	0.00151500491065339	0.00932924076560243	0.00682661492519716	4891/84557/6303/2730/23516/64116/2729/2180/51703/7157/2182/246/23657/30061	14
Human Diseases	Cardiovascular disease	hsa05417	Lipid and atherosclerosis	47/1346	216/9378	0.00190541645557317	0.0115310547570032	0.00843777885952548	7410/5970/5533/5332/4792/834/29110/4217/3383/4775/836/958/805/10010/3949/815/5330/4790/4067/3665/5600/10454/7157/5606/10000/6352/7124/596/7097/23236/3593/29108/6348/948/6347/3310/3576/3606/5468/356/2920/4773/6349/414062/2921/114548/2919	47
Human Diseases	Drug resistance: antineoplastic	hsa01523	Antifolate resistance	11/1346	30/9378	0.0020196367641167	0.0120151271899146	0.00879199590445095	5970/4790/7124/2350/113235/471/6470/6573/2352/9429/8714	11
Metabolism	Amino acid metabolism	hsa00340	Histidine metabolism	9/1346	22/9378	0.0021411606691154	0.012465220427871	0.00912134888109321	224/4128/501/3034/144193/219/218/3067/4129	9
Metabolism	Amino acid metabolism	hsa00280	Valine, leucine and isoleucine degradation	15/1346	48/9378	0.00216632035925964	0.012465220427871	0.00912134888109321	1892/3157/18/84693/593/224/11112/549/3033/3712/501/594/586/5019/219	15
Environmental Information Processing	Signal transduction	hsa04630	JAK-STAT signaling pathway	38/1346	168/9378	0.00244801057481988	0.0138588985768028	0.0101411643506969	5771/3600/8651/3601/4170/9466/3718/8835/9021/1437/5156/6775/3586/3575/133396/1154/5154/10000/5008/3559/596/23529/5292/3593/3595/3574/3458/246778/1439/116379/2670/51561/5159/3976/894/3952/29949/3560	38
Organismal Systems	Immune system	hsa04623	Cytosolic DNA-sensing pathway	22/1346	83/9378	0.00257680830387563	0.0143565034073071	0.0105052836448731	5970/4792/834/29110/197259/836/4210/115004/4790/3665/6352/6351/9447/29108/23586/9560/388372/81030/58511/3606/114548/3627	22
Metabolism	Metabolism of other amino acids	hsa00410	beta-Alanine metabolism	11/1346	31/9378	0.00273053655810986	0.0147448974137932	0.0107894885858916	1892/18/1807/224/54498/51733/314/501/8639/219/218	11
NA	NA	hsa04981	Folate transport and metabolism	11/1346	31/9378	0.00273053655810986	0.0147448974137932	0.0107894885858916	10588/100528021/4522/2350/113235/6470/6573/2352/9429/8714/11309	11
Cellular Processes	Cellular community - eukaryotes	hsa04510	Focal adhesion	44/1346	203/9378	0.00282474696024157	0.0150225179249211	0.0109926356985477	7410/3909/22801/3918/3678/3685/2002/29780/83660/5156/7422/64098/3914/5058/5154/10000/4638/596/3680/56034/1291/3912/330/3696/7450/7414/3082/7448/3655/3673/5923/1277/3675/8395/3690/5159/1293/3676/3693/894/3672/4233/3911/7057	44
Human Diseases	Infectious disease: bacterial	hsa05135	Yersinia infection	32/1346	138/9378	0.00345701212300251	0.0181106157488639	0.0132523324118242	7410/63916/5970/3678/4792/834/29110/4775/10458/3937/3586/4210/6196/920/4790/5600/10454/5606/10000/7124/3984/29108/2212/27040/6347/644150/3576/3606/8395/3676/4773/114548	32
Environmental Information Processing	Signal transduction	hsa04015	Rap1 signaling pathway	45/1346	212/9378	0.00387231021211743	0.0199879541831356	0.0146260633398863	7410/5332/5217/9693/3937/23566/83660/5156/5900/7422/805/3689/5330/5600/5154/5606/10000/9732/135/999/112/260425/56034/23236/51466/4301/10636/3684/3082/5028/1436/1969/136/27040/5909/3690/1944/5159/4804/2770/4233/9771/7057/1435/2846	45
Environmental Information Processing	Signal transduction	hsa04340	Hedgehog signaling pathway	16/1346	56/9378	0.00429905246265541	0.0216643383339979	0.0158527471989669	8454/57154/51684/11127/84455/91653/596/23288/1454/2737/102800317/132884/8643/2121/894/2735	16
Organismal Systems	Digestive system	hsa04971	Gastric acid secretion	20/1346	76/9378	0.00432052331447253	0.0216643383339979	0.0158527471989669	6752/5332/3759/805/815/1131/5330/112/4638/23236/3758/482/3766/3274/481/3784/480/3710/2770/760	20
Metabolism	Amino acid metabolism	hsa00380	Tryptophan metabolism	13/1346	42/9378	0.00459400921095961	0.0227112286344623	0.0166188027794536	3620/169355/1892/224/3033/4128/23498/125061/847/501/219/4129/6999	13
Organismal Systems	Immune system	hsa04612	Antigen processing and presentation	21/1346	82/9378	0.00494538731810681	0.0241087631757707	0.0176414401406149	1514/3108/3115/3113/4261/920/3109/972/3123/3122/3119/7124/6890/3458/3127/5641/3310/3111/3112/3120/3821	21
Organismal Systems	Immune system	hsa04622	RIG-I-like receptor signaling pathway	19/1346	72/9378	0.00516382079153424	0.0248287821620345	0.0181683096342373	5970/4792/29110/7706/26007/10010/79132/4790/3665/5600/57169/54941/7124/3593/64135/23586/3576/9636/3627	19
Human Diseases	Infectious disease: viral	hsa05163	Human cytomegalovirus infection	47/1346	227/9378	0.00527651090484344	0.0249192003360399	0.018234472580578	5970/5533/5332/4792/29110/3685/4775/2002/2790/5734/836/5156/7422/805/1021/115004/5330/4790/5600/7157/10000/6352/7124/6890/112/6351/7188/1029/23236/94235/1978/2793/54331/6348/9560/388372/1234/6347/3576/3690/356/3710/2770/4773/6349/414062/55970	47
Human Diseases	Immune disease	hsa05340	Primary immunodeficiency	12/1346	38/9378	0.00532461545641879	0.0249192003360399	0.018234472580578	3718/958/4261/3575/920/100/6890/930/29760/29851/23495/973	12
Organismal Systems	Development and regeneration	hsa04360	Axon guidance	39/1346	184/9378	0.00702068030062776	0.0324244577042151	0.0237263987999055	5533/4775/10509/10512/8440/10507/3985/1020/2047/815/2051/5058/7474/81029/9423/2242/5364/91653/8633/27289/3984/5361/54910/10371/2048/1969/7869/6091/22885/84628/10501/57556/91584/1944/2049/2770/4773/4233/3983	39
Human Diseases	Cancer: overview	hsa05205	Proteoglycans in cancer	42/1346	204/9378	0.00889384738675431	0.0405420835422177	0.0296664219052365	7410/3091/1514/3678/3685/2002/836/7422/6385/8323/5962/815/960/5058/5600/7474/81029/7157/10000/5329/7124/7097/8322/3593/2017/3082/7448/3339/1839/288/2817/3673/7023/1277/3690/3693/356/3710/4233/287/7057/4313	42
Human Diseases	Infectious disease: viral	hsa05162	Measles	30/1346	136/9378	0.0095518224163134	0.0429832008734103	0.0314526945962277	5970/4792/29110/3718/6504/7128/836/1017/1021/4790/3665/7157/10000/3559/596/7097/3593/64135/5610/23586/51284/3310/4599/4600/9134/356/894/10332/3560/3552	30
